{
	"info": {
		"name": "WebTech/http",
		"_postman_id": "1f0f4c52-cbef-4e0f-bfc9-486191e60238",
		"description": "",
		"schema": "https://schema.getpostman.com/json/collection/v2.1.0/collection.json"
	},
	"item": [
		{
			"name": "root",
			"request": {
				"method": "GET",
				"header": [],
				"body": {},
				"url": {
					"raw": "localhost:8080",
					"host": [
						"localhost"
					],
					"port": "8080"
				},
				"description": ""
			},
			"response": []
		},
		{
			"name": "list",
			"request": {
				"method": "GET",
				"header": [],
				"body": {},
				"url": {
					"raw": "localhost:8080/messages",
					"host": [
						"localhost"
					],
					"port": "8080",
					"path": [
						"messages"
					]
				},
				"description": ""
			},
			"response": []
		},
		{
			"name": "post message",
			"request": {
				"method": "POST",
				"header": [
					{
						"key": "Content-Type",
						"value": "application/json"
					}
				],
				"body": {
					"mode": "raw",
					"raw": "{\n\t\"tags\": [\"tag1\", \"tag2\"],\n\t\"content\": \"Primo messaggio di prova\"\n}"
				},
				"url": {
					"raw": "localhost:8080/messages",
					"host": [
						"localhost"
					],
					"port": "8080",
					"path": [
						"messages"
					]
				},
				"description": ""
			},
			"response": []
		},
		{
			"name": "delete",
			"request": {
				"method": "DELETE",
				"header": [],
				"body": {},
				"url": {
					"raw": "localhost:8080/messages?index=0",
					"host": [
						"localhost"
					],
					"port": "8080",
					"path": [
						"messages"
					],
					"query": [
						{
							"key": "index",
							"value": "0",
							"equals": true
						}
					]
				},
				"description": ""
			},
			"response": []
		}
	]
}