{
	"info": {
		"_postman_id": "b74a651e-0a7c-4837-8a6a-f5c53a6a5911",
		"name": "WebTech/express",
		"schema": "https://schema.getpostman.com/json/collection/v2.1.0/collection.json"
	},
	"item": [
		{
			"name": "root",
			"request": {
				"method": "GET",
				"header": [],
				"body": {},
				"url": {
					"raw": "https://localhost:8443",
					"protocol": "https",
					"host": [
						"localhost"
					],
					"port": "8443"
				}
			},
			"response": []
		},
		{
			"name": "login",
			"event": [
				{
					"listen": "test",
					"script": {
						"id": "22e60e34-2d57-4b84-bcaf-acd219158987",
						"type": "text/javascript",
						"exec": [
							"",
							"var jsonData = pm.response.json();",
							"pm.globals.set(\"JWT_TOKEN\", jsonData.token);"
						]
					}
				}
			],
			"request": {
				"auth": {
					"type": "basic",
					"basic": [
						{
							"key": "password",
							"value": "admin",
							"type": "string"
						},
						{
							"key": "username",
							"value": "admin@postmessages.it",
							"type": "string"
						},
						{
							"key": "saveHelperData",
							"value": true,
							"type": "boolean"
						},
						{
							"key": "showPassword",
							"value": false,
							"type": "boolean"
						}
					]
				},
				"method": "GET",
				"header": [
					{
						"key": "Content-Type",
						"value": "application/x-www-form-urlencoded"
					}
				],
				"body": {},
				"url": {
					"raw": "https://localhost:8443/login",
					"protocol": "https",
					"host": [
						"localhost"
					],
					"port": "8443",
					"path": [
						"login"
					]
				}
			},
			"response": []
		},
		{
			"name": "list users",
			"request": {
				"auth": {
					"type": "bearer",
					"bearer": [
						{
							"key": "token",
							"value": "{{JWT_TOKEN}}",
							"type": "string"
						}
					]
				},
				"method": "GET",
				"header": [],
				"body": {},
				"url": {
					"raw": "https://localhost:8443/users",
					"protocol": "https",
					"host": [
						"localhost"
					],
					"port": "8443",
					"path": [
						"users"
					]
				}
			},
			"response": []
		},
		{
			"name": "Add user",
			"request": {
				"auth": {
					"type": "bearer",
					"bearer": [
						{
							"key": "token",
							"value": "{{JWT_TOKEN}}",
							"type": "string"
						}
					]
				},
				"method": "POST",
				"header": [
					{
						"key": "Content-Type",
						"value": "application/json"
					}
				],
				"body": {
					"mode": "raw",
					"raw": "{\n    \"roles\": [\n        \"MODERATOR\"\n    ],\n    \"username\": \"filippo\",\n    \"password\": \"filippo\",\n    \"mail\": \"filippo@postmessages.it\"\n}"
				},
				"url": {
					"raw": "https://localhost:8443/users",
					"protocol": "https",
					"host": [
						"localhost"
					],
					"port": "8443",
					"path": [
						"users"
					]
				}
			},
			"response": []
		},
		{
			"name": "get admin user info",
			"request": {
				"auth": {
					"type": "bearer",
					"bearer": [
						{
							"key": "token",
							"value": "{{JWT_TOKEN}}",
							"type": "string"
						}
					]
				},
				"method": "GET",
				"header": [],
				"body": {},
				"url": {
					"raw": "https://localhost:8443/users/admin@postmessages.it",
					"protocol": "https",
					"host": [
						"localhost"
					],
					"port": "8443",
					"path": [
						"users",
						"admin@postmessages.it"
					]
				}
			},
			"response": []
		},
		{
			"name": "list tags",
			"request": {
				"auth": {
					"type": "bearer",
					"bearer": [
						{
							"key": "token",
							"value": "{{JWT_TOKEN}}",
							"type": "string"
						}
					]
				},
				"method": "GET",
				"header": [],
				"body": {},
				"url": {
					"raw": "https://localhost:8443/tags",
					"protocol": "https",
					"host": [
						"localhost"
					],
					"port": "8443",
					"path": [
						"tags"
					]
				}
			},
			"response": []
		},
		{
			"name": "list messages",
			"request": {
				"auth": {
					"type": "bearer",
					"bearer": [
						{
							"key": "token",
							"value": "{{JWT_TOKEN}}",
							"type": "string"
						}
					]
				},
				"method": "GET",
				"header": [],
				"body": {},
				"url": {
					"raw": "https://localhost:8443/messages?skip=0&limit=20",
					"protocol": "https",
					"host": [
						"localhost"
					],
					"port": "8443",
					"path": [
						"messages"
					],
					"query": [
						{
							"key": "skip",
							"value": "0"
						},
						{
							"key": "limit",
							"value": "20"
						}
					]
				}
			},
			"response": []
		},
		{
			"name": "list messages with filter",
			"request": {
				"auth": {
					"type": "bearer",
					"bearer": [
						{
							"key": "token",
							"value": "{{JWT_TOKEN}}",
							"type": "string"
						}
					]
				},
				"method": "GET",
				"header": [],
				"body": {},
				"url": {
					"raw": "https://localhost:8443/messages?tags=Tag5&tags=Tag1",
					"protocol": "https",
					"host": [
						"localhost"
					],
					"port": "8443",
					"path": [
						"messages"
					],
					"query": [
						{
							"key": "tags",
							"value": "Tag5"
						},
						{
							"key": "tags",
							"value": "Tag1"
						}
					]
				}
			},
			"response": []
		},
		{
			"name": "post message",
			"request": {
				"auth": {
					"type": "bearer",
					"bearer": [
						{
							"key": "token",
							"value": "{{JWT_TOKEN}}",
							"type": "string"
						}
					]
				},
				"method": "POST",
				"header": [
					{
						"key": "Content-Type",
						"value": "application/json"
					}
				],
				"body": {
					"mode": "raw",
					"raw": "{\n\t\"tags\": [\"tag1\", \"tag2\"],\n\t\"content\": \"Messaggio di prova\"\n}"
				},
				"url": {
					"raw": "https://localhost:8443/messages",
					"protocol": "https",
					"host": [
						"localhost"
					],
					"port": "8443",
					"path": [
						"messages"
					]
				}
			},
			"response": []
		},
		{
			"name": "delete",
			"request": {
				"auth": {
					"type": "bearer",
					"bearer": [
						{
							"key": "token",
							"value": "{{JWT_TOKEN}}",
							"type": "string"
						}
					]
				},
				"method": "DELETE",
				"header": [],
				"body": {},
				"url": {
					"raw": "https://localhost:8443/messages/5ab56db96fb7e13955330b4c",
					"protocol": "https",
					"host": [
						"localhost"
					],
					"port": "8443",
					"path": [
						"messages",
						"5ab56db96fb7e13955330b4c"
					]
				}
			},
			"response": []
		}
	]
}