{
	"info": {
		"_postman_id": "50103131-6897-4e63-b161-7f79dae265f1",
		"name": "WebTech/mongo",
		"schema": "https://schema.getpostman.com/json/collection/v2.1.0/collection.json"
	},
	"item": [
		{
			"name": "root",
			"request": {
				"method": "GET",
				"header": [],
				"body": {},
				"url": {
					"raw": "localhost:8080",
					"host": [
						"localhost"
					],
					"port": "8080"
				}
			},
			"response": []
		},
		{
			"name": "list",
			"request": {
				"method": "GET",
				"header": [],
				"body": {},
				"url": {
					"raw": "localhost:8080/messages?skip=1&limit=2",
					"host": [
						"localhost"
					],
					"port": "8080",
					"path": [
						"messages"
					],
					"query": [
						{
							"key": "skip",
							"value": "1"
						},
						{
							"key": "limit",
							"value": "2"
						}
					]
				}
			},
			"response": []
		},
		{
			"name": "list tags",
			"request": {
				"method": "GET",
				"header": [],
				"body": {},
				"url": {
					"raw": "localhost:8080/tags",
					"host": [
						"localhost"
					],
					"port": "8080",
					"path": [
						"tags"
					]
				}
			},
			"response": []
		},
		{
			"name": "list filter",
			"request": {
				"method": "GET",
				"header": [],
				"body": {},
				"url": {
					"raw": "localhost:8080/messages?tags=Tag5&tags=Tag1",
					"host": [
						"localhost"
					],
					"port": "8080",
					"path": [
						"messages"
					],
					"query": [
						{
							"key": "tags",
							"value": "Tag5"
						},
						{
							"key": "tags",
							"value": "Tag1"
						}
					]
				}
			},
			"response": []
		},
		{
			"name": "post message",
			"request": {
				"method": "POST",
				"header": [
					{
						"key": "Content-Type",
						"value": "application/json"
					}
				],
				"body": {
					"mode": "raw",
					"raw": "{\n\t\"tags\": [\"tag1\", \"tag2\"],\n\t\"content\": \"Messaggio di prova\"\n}"
				},
				"url": {
					"raw": "localhost:8080/messages",
					"host": [
						"localhost"
					],
					"port": "8080",
					"path": [
						"messages"
					]
				}
			},
			"response": []
		},
		{
			"name": "delete",
			"request": {
				"method": "DELETE",
				"header": [],
				"body": {},
				"url": {
					"raw": "localhost:8080/messages?index=0",
					"host": [
						"localhost"
					],
					"port": "8080",
					"path": [
						"messages"
					],
					"query": [
						{
							"key": "index",
							"value": "0"
						}
					]
				}
			},
			"response": []
		}
	]
}